{"menu_linkbank":{"rawcode":59734,"colors":[{"fill":"rgb(246, 181, 1)"}],"code":""},"red_redreceive":{"rawcode":59686,"colors":[{"fill":"rgb(188, 60, 53)"}],"code":""},"app_1_receivemoney":{"rawcode":59751,"colors":[{"fill":"rgb(18, 157, 90)"}],"code":""},"notify_gift":{"rawcode":59724,"colors":[{"fill":"rgb(222, 68, 56)"}],"code":""},"menu_1_receivemoney":{"rawcode":59729,"colors":[{"fill":"rgb(18, 157, 90)"}],"code":""},"sendmoney_friend":{"rawcode":59772,"colors":[{"fill":"rgb(0, 143, 229)"}],"code":""},"red_change":{"rawcode":59653,"colors":[{"fill":"rgb(255, 255, 255)"}],"code":""},"app_6_red":{"rawcode":59753,"colors":[{"fill":"rgb(222, 68, 56)"}],"code":""},"menu_supportcenter":{"rawcode":59738,"colors":[{"fill":"rgb(83, 113, 139)"}],"code":""},"red_checkactive":{"rawcode":59654,"colors":[{"fill":"rgb(216, 78, 67)"}],"code":""},"general_error":{"rawcode":59658,"code":"","colors":[{"fill":"rgb(176, 218, 244)"},{"fill":"rgb(255, 255, 255)"},{"fill":"rgb(43, 78, 128)"}],"codes":[59658,59659,59660]},"showshow_cake":{"rawcode":59692,"code":"","colors":[{"fill":"rgb(6, 190, 4)"},{"fill":"rgb(255, 255, 255)"}],"codes":[59692,59693]},"general_success":{"rawcode":59750,"colors":[{"fill":"rgb(4, 190, 4)"}],"code":""},"profile_lock":{"rawcode":59777,"colors":[{"fill":"rgb(0, 143, 229)"}],"code":""},"red_redequal":{"rawcode":59684,"colors":[{"fill":"rgb(19, 155, 91)"}],"code":""},"red_noload":{"rawcode":59656,"code":"","colors":[{"fill":"rgb(203, 217, 224)"},{"fill":"rgb(222, 68, 56)"}],"codes":[59656,59657,59658,59659,59660,59661,59662,59663,59664,59665,59666,59667,59668,59669,59670,59671,59672,59673,59674,59675,59676,59677,59678,59679,59680,59681,59682,59683]},"merchant_refund":{"rawcode":59784,"colors":[{"fill":"rgb(18, 157, 90)"}],"code":""},"red_checknormal":{"rawcode":59655,"colors":[{"fill":"rgb(204, 204, 208)"}],"code":""},"paymoney_nfc":{"rawcode":59769,"colors":[{"fill":"rgb(255, 255, 255)"}],"code":""},"menu_logout":{"rawcode":59736,"colors":[{"fill":"rgb(83, 113, 139)"}],"code":""},"showshow_beer":{"rawcode":59690,"code":"","colors":[{"fill":"rgb(0, 204, 0)"},{"fill":"rgb(255, 255, 255)"}],"codes":[59690,59691]},"notify_linkcard":{"rawcode":59725,"colors":[{"fill":"rgb(246, 181, 1)"}],"code":""},"showshow_coffee":{"rawcode":59694,"code":"","colors":[{"fill":"rgb(6, 190, 4)"},{"fill":"rgb(255, 255, 255)"}],"codes":[59694,59695]},"red_redlucky":{"rawcode":59685,"colors":[{"fill":"rgb(246, 181, 1)"}],"code":""},"showshow_shadow":{"rawcode":59707,"colors":[{"fill":"rgb(255, 255, 255)"}],"code":""},"linkaccount_arrowdow":{"rawcode":59863,"colors":[{"fill":"rgb(199, 199, 204)"}],"code":""},"general_del":{"rawcode":59742,"colors":[{"fill":"rgb(199, 199, 204)"}],"code":""},"dialoge_infor":{"rawcode":59779,"colors":[{"fill":"rgb(0, 143, 229)"}],"code":""},"menu_feedback":{"rawcode":59731,"colors":[{"fill":"rgb(83, 113, 139)"}],"code":""},"merchant_copy":{"rawcode":59787,"colors":[{"fill":"rgb(0, 143, 229)"}],"code":""},"menu_infomation":{"rawcode":59733,"colors":[{"fill":"rgb(83, 113, 139)"},{"fill":"rgb(83, 113, 139)"},{"fill":"rgb(83, 113, 139)"}],"code":""},"notify_6_redopen":{"rawcode":59715,"colors":[{"fill":"rgb(222, 68, 56)"}],"code":""},"general_systemmaintenance":{"rawcode":59798,"code":"","colors":[{"fill":"rgb(176, 218, 244)"},{"fill":"rgb(44, 76, 128)"}],"codes":[59798,59799,59800]},"merchant_pending":{"rawcode":59783,"colors":[{"fill":"rgb(67, 135, 246)"}],"code":""},"notify_1_transfers":{"rawcode":59713,"colors":[{"fill":"rgb(66, 134, 245)"}],"code":""},"merchant_sharebg":{"rawcode":59789,"colors":[{"fill":"rgb(0, 143, 229)"}],"code":""},"app_21_paytv":{"rawcode":59760,"colors":[{"fill":"rgb(246, 181, 1)"}],"code":""},"notify_11_rechargephone":{"rawcode":59717,"colors":[{"fill":"rgb(246, 181, 1)"},{"fill":"rgb(246, 181, 1)"},{"fill":"rgb(246, 181, 1)"},{"fill":"rgb(246, 181, 1)"}],"code":""},"nav_menu":{"rawcode":59765,"colors":[{"fill":"rgb(255, 255, 255)"}],"code":""},"merchant_fail":{"rawcode":59782,"colors":[{"fill":"rgb(252, 57, 61)"}],"code":""},"general_icondefault":{"rawcode":59745,"colors":[{"fill":"rgb(187, 193, 200)"}],"code":""},"header_overbalance":{"rawcode":59763,"colors":[{"fill":"rgb(255, 255, 255)"}],"code":""},"notify_20_payinternet":{"rawcode":59722,"colors":[{"fill":"rgb(66, 134, 245)"}],"code":""},"red_lucky":{"rawcode":59859,"code":"","colors":[{"fill":"rgb(255, 206, 51)"},{"fill":"rgb(255, 152, 29)"}],"codes":[59859,59860]},"red_topdetail":{"rawcode":59861,"colors":[{"fill":"rgb(188, 60, 53)"}],"code":""},"app_15_service":{"rawcode":59756,"colors":[{"fill":"rgb(18, 157, 90)"}],"code":""},"general_notifynull":{"rawcode":59807,"code":"","colors":[{"fill":"rgb(176, 218, 244)"},{"fill":"rgb(44, 76, 128)"}],"codes":[59807,59808,59809,59810,59811,59812,59813,59814,59815,59816,59817,59818,59819,59820,59821,59822,59823,59824,59825,59826,59827,59828,59829,59830,59831,59832,59833]},"notify_12_cardphone":{"rawcode":59718,"colors":[{"fill":"rgb(18, 157, 90)"}],"code":""},"dialoge_warning":{"rawcode":59781,"colors":[{"fill":"rgb(247, 202, 64)"}],"code":""},"showshow_restaurant":{"rawcode":59704,"code":"","colors":[{"fill":"rgb(6, 190, 4)"},{"fill":"rgb(255, 255, 255)"}],"codes":[59704,59705]},"merchant_copybg":{"rawcode":59788,"colors":[{"fill":"rgb(0, 143, 229)"}],"code":""},"menu_linkcard":{"rawcode":59735,"colors":[{"fill":"rgb(246, 181, 1)"}],"code":""},"sendmoney_zalopayid":{"rawcode":59774,"colors":[{"fill":"rgb(19, 155, 91)"}],"code":""},"notify_1_withdraw":{"rawcode":59714,"colors":[{"fill":"rgb(246, 181, 1)"}],"code":""},"nav_showshow":{"rawcode":59767,"colors":[{"fill":"rgb(255, 255, 255)"}],"code":""},"notify_18_paywater":{"rawcode":59721,"colors":[{"fill":"rgb(66, 134, 245)"}],"code":""},"showshow_address":{"rawcode":59688,"colors":[{}],"code":""},"linkcard_nextios":{"rawcode":59649,"colors":[{"fill":"rgb(0, 143, 229)"}],"code":""},"merchant_contact":{"rawcode":59786,"colors":[{"fill":"rgb(0, 143, 229)"}],"code":""},"general_arrowright":{"rawcode":59739,"colors":[{"fill":"rgb(199, 199, 204)"}],"code":""},"red_delete":{"rawcode":59661,"colors":[{"fill":"rgb(207, 198, 171)"}],"code":""},"showshow_maplocation":{"rawcode":59699,"code":"","colors":[{"fill":"rgb(51, 51, 51)"},{"fill":"rgb(153, 153, 153)"},{"fill":"rgb(232, 45, 45)"},{"fill":"rgb(255, 255, 255)"}],"codes":[59699,59700,59701,59702]},"app_1_transfers":{"rawcode":59752,"colors":[{"fill":"rgb(66, 134, 245)"}],"code":""},"paymoney_qrcode":{"rawcode":59770,"colors":[{"fill":"rgb(255, 255, 255)"}],"code":""},"paymoney_bluetooth":{"rawcode":59768,"colors":[{"fill":"rgb(255, 255, 255)"}],"code":""},"showshow_direction":{"rawcode":59698,"colors":[{"fill":"rgb(255, 255, 255)"}],"code":""},"showshow_mylocation":{"rawcode":59703,"colors":[{"fill":"rgb(255, 255, 255)"}],"code":""},"app_17_payelectric":{"rawcode":59757,"colors":[{"fill":"rgb(222, 68, 56)"},{"fill":"rgb(222, 68, 56)"},{"fill":"rgb(222, 68, 56)"},{"fill":"rgb(222, 68, 56)"},{"fill":"rgb(222, 68, 56)"}],"code":""},"profile_library":{"rawcode":59776,"colors":[{"fill":"rgb(0, 143, 229)"}],"code":""},"linkcard_nextandroid":{"rawcode":59648,"colors":[{"fill":"rgb(0, 143, 229)"}],"code":""},"merchant_sms":{"rawcode":59790,"colors":[{"fill":"rgb(0, 143, 229)"}],"code":""},"menu_1_transfers":{"rawcode":59730,"colors":[{"fill":"rgb(66, 134, 245)"}],"code":""},"notify_6_redreceive":{"rawcode":59716,"colors":[{"fill":"rgb(222, 68, 56)"}],"code":""},"profile_avatadefault":{"rawcode":59728,"colors":[{"fill":"rgb(199, 199, 204)"}],"code":""},"general_search":{"rawcode":59749,"colors":[{"fill":"rgb(199, 199, 204)"}],"code":""},"notify_1_receivemoney":{"rawcode":59712,"colors":[{"fill":"rgb(18, 157, 90)"}],"code":""},"general_notconnect":{"rawcode":59805,"code":"","colors":[{"fill":"rgb(176, 218, 244)"},{"fill":"rgb(44, 76, 128)"}],"codes":[59805,59806]},"header_linkbank":{"rawcode":59761,"colors":[{"fill":"rgb(255, 255, 255)"}],"code":""},"profile_camera":{"rawcode":59775,"colors":[{"fill":"rgb(132, 141, 153)"}],"code":""},"showshow_imgdefault":{"rawcode":59792,"code":"","colors":[{"fill":"rgb(240, 244, 247)"},{"fill":"rgb(211, 229, 244)"}],"codes":[59792,59793]},"dialoge_notify":{"rawcode":59780,"colors":[{"fill":"rgb(0, 143, 229)"}],"code":""},"nav_notify":{"rawcode":59766,"colors":[{"fill":"rgb(255, 255, 255)"}],"code":""},"header_linkcard":{"rawcode":59762,"colors":[{"fill":"rgb(255, 255, 255)"}],"code":""},"general_transactionnull":{"rawcode":59834,"code":"","colors":[{"fill":"rgb(176, 218, 244)"},{"fill":"rgb(43, 78, 128)"}],"codes":[59834,59835,59836,59837,59838,59839,59840,59841,59842,59843,59844,59845,59846,59847,59848,59849,59850,59851,59852,59853,59854,59855,59856,59857,59858]},"red_redsend":{"rawcode":59687,"colors":[{"fill":"rgb(188, 60, 53)"}],"code":""},"general_question":{"rawcode":59748,"colors":[{"fill":"rgb(66, 134, 245)"}],"code":""},"general_logozalopay":{"rawcode":59746,"code":"","colors":[{"fill":"rgb(0, 143, 229)"},{"fill":"rgb(4, 190, 4)"}],"codes":[59746,59747]},"notify_17_payelectric":{"rawcode":59720,"colors":[{"fill":"rgb(222, 68, 56)"}],"code":""},"dialoge_connect":{"rawcode":59778,"colors":[{"fill":"rgb(255, 124, 0)"}],"code":""},"linkaccount_info":{"rawcode":59864,"colors":[{"fill":"rgb(0, 143, 229)"}],"code":""},"general_backios":{"rawcode":59741,"colors":[{"fill":"rgb(255, 255, 255)"}],"code":""},"general_comingsoon":{"rawcode":59801,"code":"","colors":[{"fill":"rgb(176, 217, 243)"},{"fill":"rgb(236, 247, 253)"},{"fill":"rgb(115, 200, 240)"},{"fill":"rgb(43, 77, 128)"}],"codes":[59801,59802,59803,59804]},"linkaccount_add":{"rawcode":59862,"colors":[{"fill":"rgb(255, 255, 255)"}],"code":""},"linkcard_preios":{"rawcode":59651,"colors":[{"fill":"rgb(0, 143, 229)"}],"code":""},"app_20_payinternet":{"rawcode":59759,"colors":[{"fill":"rgb(66, 134, 245)"}],"code":""},"showshow_vnd":{"rawcode":59711,"colors":[{}],"code":""},"merchant_zalo":{"rawcode":59791,"colors":[{"fill":"rgb(0, 143, 229)"}],"code":""},"notify_21_paytv":{"rawcode":59723,"colors":[{"fill":"rgb(246, 181, 1)"}],"code":""},"menu_payqrcode":{"rawcode":59737,"colors":[{"fill":"rgb(246, 181, 1)"}],"code":""},"showshow_dinner":{"rawcode":59696,"code":"","colors":[{"fill":"rgb(6, 190, 4)"},{"fill":"rgb(255, 255, 255)"}],"codes":[59696,59697]},"linkcard_preandroid":{"rawcode":59650,"colors":[{"fill":"rgb(0, 143, 229)"}],"code":""},"showshow_shadowlocation":{"rawcode":59708,"colors":[{"fill":"rgb(153, 153, 153)"}],"code":""},"header_payqrcode":{"rawcode":59764,"colors":[{"fill":"rgb(255, 255, 255)"}],"code":""},"general_processing":{"rawcode":59796,"code":"","colors":[{"fill":"rgb(176, 218, 244)"},{"fill":"rgb(44, 76, 128)"}],"codes":[59796,59797]},"general_backandroid":{"rawcode":59740,"colors":[{"fill":"rgb(255, 255, 255)"}],"code":""},"notify_15_service":{"rawcode":59719,"colors":[{"fill":"rgb(18, 157, 90)"}],"code":""},"general_history":{"rawcode":59744,"colors":[{"fill":"rgb(255, 255, 255)"}],"code":""},"sendmoney_zalo":{"rawcode":59773,"colors":[{"fill":"rgb(255, 255, 255)"}],"code":""},"showshow_showshow":{"rawcode":59709,"colors":[{"fill":"rgb(199, 199, 204)"}],"code":""},"showshow_type":{"rawcode":59710,"colors":[{}],"code":""},"app_11_rechargephone":{"rawcode":59754,"colors":[{"fill":"rgb(246, 181, 1)"}],"code":""},"app_12_cardphone":{"rawcode":59755,"colors":[{"fill":"rgb(18, 157, 90)"}],"code":""},"app_18_paywater":{"rawcode":59758,"colors":[{"fill":"rgb(66, 134, 245)"},{"fill":"rgb(66, 134, 245)"}],"code":""},"red_addfriend":{"rawcode":59652,"colors":[{"fill":"rgb(114, 127, 140)"}],"code":""},"notify_zalopay":{"rawcode":59726,"code":"","colors":[{"fill":"rgb(0, 143, 229)"},{"fill":"rgb(4, 190, 4)"}],"codes":[59726,59727]},"showshow_arrowdown":{"rawcode":59689,"colors":[{"fill":"rgb(255, 255, 255)"}],"code":""},"general_contactnull":{"rawcode":59794,"code":"","colors":[{"fill":"rgb(176, 218, 244)"},{"fill":"rgb(43, 77, 128)"}],"codes":[59794,59795]},"general_failed":{"rawcode":59743,"colors":[{"fill":"rgb(223, 48, 46)"}],"code":""},"menu_history":{"rawcode":59732,"colors":[{"fill":"rgb(222, 68, 56)"}],"code":""},"paymoney_scan":{"rawcode":59771,"colors":[{"fill":"rgb(255, 255, 255)"}],"code":""},"merchant_success":{"rawcode":59785,"colors":[{"fill":"rgb(18, 157, 90)"}],"code":""},"showshow_search":{"rawcode":59706,"colors":[{"fill":"rgb(199, 199, 204)"}],"code":""}}