{"menu_linkbank":{"rawcode":59734,"code":""},"red_redreceive":{"rawcode":59686,"code":""},"app_1_receivemoney":{"rawcode":59751,"code":""},"notify_gift":{"rawcode":59724,"code":""},"menu_1_receivemoney":{"rawcode":59729,"code":""},"sendmoney_friend":{"rawcode":59772,"code":""},"red_change":{"rawcode":59653,"code":""},"app_6_red":{"rawcode":59753,"code":""},"menu_supportcenter":{"rawcode":59738,"code":""},"red_checkactive":{"rawcode":59654,"code":""},"showshow_cake":{"rawcode":59692,"code":""},"general_success":{"rawcode":59750,"code":""},"profile_lock":{"rawcode":59777,"code":""},"red_redequal":{"rawcode":59684,"code":""},"red_noload":{"rawcode":59656,"code":""},"merchant_refund":{"rawcode":59784,"code":""},"red_checknormal":{"rawcode":59655,"code":""},"paymoney_nfc":{"rawcode":59769,"code":""},"menu_logout":{"rawcode":59736,"code":""},"showshow_beer":{"rawcode":59690,"code":""},"notify_linkcard":{"rawcode":59725,"code":""},"showshow_coffee":{"rawcode":59694,"code":""},"red_redlucky":{"rawcode":59685,"code":""},"showshow_shadow":{"rawcode":59707,"code":""},"linkaccount_arrowdow":{"rawcode":59863,"code":""},"general_del":{"rawcode":59742,"code":""},"dialoge_infor":{"rawcode":59779,"code":""},"menu_feedback":{"rawcode":59731,"code":""},"merchant_copy":{"rawcode":59787,"code":""},"menu_infomation":{"rawcode":59733,"code":""},"notify_6_redopen":{"rawcode":59715,"code":""},"general_systemmaintenance":{"rawcode":59798,"code":""},"merchant_pending":{"rawcode":59783,"code":""},"notify_1_transfers":{"rawcode":59713,"code":""},"merchant_sharebg":{"rawcode":59789,"code":""},"app_21_paytv":{"rawcode":59760,"code":""},"notify_11_rechargephone":{"rawcode":59717,"code":""},"nav_menu":{"rawcode":59765,"code":""},"merchant_fail":{"rawcode":59782,"code":""},"general_icondefault":{"rawcode":59745,"code":""},"header_overbalance":{"rawcode":59763,"code":""},"notify_20_payinternet":{"rawcode":59722,"code":""},"red_lucky":{"rawcode":59859,"code":""},"red_topdetail":{"rawcode":59861,"code":""},"app_15_service":{"rawcode":59756,"code":""},"general_notifynull":{"rawcode":59807,"code":""},"notify_12_cardphone":{"rawcode":59718,"code":""},"dialoge_warning":{"rawcode":59781,"code":""},"showshow_restaurant":{"rawcode":59704,"code":""},"merchant_copybg":{"rawcode":59788,"code":""},"menu_linkcard":{"rawcode":59735,"code":""},"sendmoney_zalopayid":{"rawcode":59774,"code":""},"notify_1_withdraw":{"rawcode":59714,"code":""},"nav_showshow":{"rawcode":59767,"code":""},"notify_18_paywater":{"rawcode":59721,"code":""},"showshow_address":{"rawcode":59688,"code":""},"linkcard_nextios":{"rawcode":59649,"code":""},"merchant_contact":{"rawcode":59786,"code":""},"general_arrowright":{"rawcode":59739,"code":""},"showshow_maplocation":{"rawcode":59699,"code":""},"app_1_transfers":{"rawcode":59752,"code":""},"paymoney_qrcode":{"rawcode":59770,"code":""},"paymoney_bluetooth":{"rawcode":59768,"code":""},"showshow_direction":{"rawcode":59698,"code":""},"showshow_mylocation":{"rawcode":59703,"code":""},"app_17_payelectric":{"rawcode":59757,"code":""},"profile_library":{"rawcode":59776,"code":""},"linkcard_nextandroid":{"rawcode":59648,"code":""},"merchant_sms":{"rawcode":59790,"code":""},"menu_1_transfers":{"rawcode":59730,"code":""},"notify_6_redreceive":{"rawcode":59716,"code":""},"profile_avatadefault":{"rawcode":59728,"code":""},"general_search":{"rawcode":59749,"code":""},"notify_1_receivemoney":{"rawcode":59712,"code":""},"general_notconnect":{"rawcode":59805,"code":""},"header_linkbank":{"rawcode":59761,"code":""},"profile_camera":{"rawcode":59775,"code":""},"showshow_imgdefault":{"rawcode":59792,"code":""},"nav_notify":{"rawcode":59766,"code":""},"dialoge_notify":{"rawcode":59780,"code":""},"header_linkcard":{"rawcode":59762,"code":""},"general_transactionnull":{"rawcode":59834,"code":""},"red_redsend":{"rawcode":59687,"code":""},"general_question":{"rawcode":59748,"code":""},"general_logozalopay":{"rawcode":59746,"code":""},"notify_17_payelectric":{"rawcode":59720,"code":""},"dialoge_connect":{"rawcode":59778,"code":""},"linkaccount_info":{"rawcode":59864,"code":""},"general_backios":{"rawcode":59741,"code":""},"general_comingsoon":{"rawcode":59801,"code":""},"linkaccount_add":{"rawcode":59862,"code":""},"linkcard_preios":{"rawcode":59651,"code":""},"app_20_payinternet":{"rawcode":59759,"code":""},"showshow_vnd":{"rawcode":59711,"code":""},"merchant_zalo":{"rawcode":59791,"code":""},"notify_21_paytv":{"rawcode":59723,"code":""},"menu_payqrcode":{"rawcode":59737,"code":""},"showshow_dinner":{"rawcode":59696,"code":""},"linkcard_preandroid":{"rawcode":59650,"code":""},"showshow_shadowlocation":{"rawcode":59708,"code":""},"header_payqrcode":{"rawcode":59764,"code":""},"general_processing":{"rawcode":59796,"code":""},"general_backandroid":{"rawcode":59740,"code":""},"notify_15_service":{"rawcode":59719,"code":""},"general_history":{"rawcode":59744,"code":""},"sendmoney_zalo":{"rawcode":59773,"code":""},"showshow_showshow":{"rawcode":59709,"code":""},"showshow_type":{"rawcode":59710,"code":""},"app_11_rechargephone":{"rawcode":59754,"code":""},"app_12_cardphone":{"rawcode":59755,"code":""},"app_18_paywater":{"rawcode":59758,"code":""},"red_addfriend":{"rawcode":59652,"code":""},"notify_zalopay":{"rawcode":59726,"code":""},"showshow_arrowdown":{"rawcode":59689,"code":""},"general_contactnull":{"rawcode":59794,"code":""},"general_failed":{"rawcode":59743,"code":""},"menu_history":{"rawcode":59732,"code":""},"paymoney_scan":{"rawcode":59771,"code":""},"merchant_success":{"rawcode":59785,"code":""},"showshow_search":{"rawcode":59706,"code":""}}